name,email
Ahmed Ali,ahmed.ali0          
Mona Youssef,mona.youssef1   
Yasser Ibrahim,yasser.ibrahim2@@gmail.com  
Sara Adel,sara.adel3hotmail.com 
Khaled Nabil,khaled.nabil4@@moe.gov.eg
Fatma Hany,fatma.hany5@outlook  
Omar Mahmoud,omar.mahmoud6gmail.com 
Nour Samir,nour.samir7@.com  
Hassan Tarek,hassan.tarek8@@hotmail.com
Dina Mostafa,dina.mostafa9outlook.com  
Mahmoud Fahmy,mahmoud.fahmy10
Layla Said,layla.said11@@gmail.com
Ali Shawky,ali.shawky12gmail.com  
Nadine Kamel,nadine.kamel13@outlook  
Karim Farid,karim.farid14@@hotmail.com
Rania Helmy,rania.helmy15@moe.gov.eg
Hany Fathy,hany.fathy16@hotmail.com
Salma Amin,salma.amin17@outlook.com
Samir Zaki,samir.zaki18@gmail.com
Tarek Khalil,tarek.khalil19@outlook.com
Ahmed Nabil,ahmed.nabil20@gmail.com
Mona Tarek,mona.tarek21@hotmail.com
Yasser Hany,yasser.hany22@gmail.com
Sara Samir,sara.samir23@eng.cu.edu.eg
Khaled Mostafa,khaled.mostafa24@gmail.com
Fatma Fahmy,fatma.fahmy25@hotmail.com
Omar Said,omar.said26@gmail.com
Nour Shawky,nour.shawky27@outlook.com
Hassan Kamel,hassan.kamel28@hotmail.com
Dina Farid,dina.farid29@gmail.com
Mahmoud Helmy,mahmoud.helmy30@gmail.com
Layla Fathy,layla.fathy31@outlook.com
Ali Amin,ali.amin32@hotmail.com
Nadine Zaki,nadine.zaki33@gmail.com
Karim Khalil,karim.khalil34@outlook.com
Rania Ali,rania.ali35@gmail.com
Hany Youssef,hany.youssef36@hotmail.com
Salma Ibrahim,salma.ibrahim37@gmail.com
Samir Adel,samir.adel38@outlook.com
Tarek Nabil,tarek.nabil39@gmail.com
Ahmed Hany,ahmed.hany40@hotmail.com
Mona Mahmoud,mona.mahmoud41@gmail.com
Yasser Samir,yasser.samir42@outlook.com
Sara Tarek,sara.tarek43@gmail.com
Khaled Mostafa,khaled.mostafa44@hotmail.com
Fatma Fahmy,fatma.fahmy45@gmail.com
Omar Said,omar.said46@outlook.com
Nour Shawky,nour.shawky47@gmail.com
Hassan Kamel,hassan.kamel48@gmail.com
Dina Farid,dina.farid49@outlook.com
